iso_a3,year,DH discipline,Data preservation and  digital curation,Digital heritage and multimedia,NLP,Other,Text analysis/mining,Textual scholarship
ALB,2019,0.3189277648925781,0.0016597557114436,0.0011065038270315999,0.0005532518262043,0.6738799826125614,0.0033195108408104004,0.000553251884412
AUS,2000,0.00041676184628156666,0.0012502855000396,0.0008335236149529333,0.00041676184628156666,0.3231070102580513,0.0025005711164945332,0.004808422488470867
AUS,2003,0.00023953337222336668,0.3149680539111917,0.00047906664743393334,0.00023953337222336668,0.0004790667056416333,0.016688535203381035,0.00023953337222336668
AUS,2005,0.003879797691479099,1.0884680366958486,0.7166733759222548,0.07464576429920249,0.0077595949405798595,1.798021819884888,1.1105516695766704
AUS,2006,0.337293560616672,0.2916537243872879,0.0626546667190266,0.0015043480671009999,0.0030086954357100007,0.8616645764559503,0.44222044467460364
AUS,2007,0.3859521150588989,0.0715853543952106,0.32528550771530707,0.2124060988426208,0.0010602144757284,0.0031806437182237,0.0005301074706949
AUS,2008,0.0032629480992908003,1.886642927129287,0.1699841576628383,0.0032629475754218,0.082571227685548,1.8510128561174488,0.0032629473425912
AUS,2009,1.1494258291121306,1.7245446157695754,0.07734611742489458,0.004377609578243702,0.008755217424809484,2.2097444856772186,0.00437760948677456
AUS,2010,0.14097182181042925,0.0027278116516145337,0.0018185414567898999,0.0009092706022783333,0.001818541107543933,0.7039951762417328,0.48109216442874936
AUS,2011,0.1737523160991259,0.00259194438694965,0.3763614932249766,0.00086398149142035,0.00172796263359475,0.8216116952826267,0.12309058080427344
AUS,2012,0.34000356897595324,1.4207031952741085,0.4033891836355902,0.0044276566128243905,0.9622320411028336,0.21130020709242525,1.5579441107227465
AUS,2013,0.00203362229513,0.3900050931842995,0.4255967274657448,0.0020336227025835,0.0040672447066752,2.174230120552237,0.0020336223533376
AUS,2014,0.0054261827317529,0.6304358821944325,0.3630726042028976,1.170972377061844,0.9875869070237963,3.0197914145246596,0.8227146283315958
AUS,2015,4.218175601796247,2.09775660138361,0.012652715135896704,0.006326357476479384,0.19854923285726758,2.067355970866626,0.00632635759289456
AUS,2016,1.9761649585561827,0.987986000021919,0.05879135976041011,0.2598645947097489,0.014184984320308666,0.14997558829296898,0.21969912843390677
AUS,2017,0.5331017624994272,0.006158822487728584,1.6995672798608814,0.0020529406465355,0.004105881196058333,0.18062457234676188,0.9910553599960014
AUS,2018,0.0022522961022331,0.9191406193305733,0.16297443265793815,0.461692238645628,0.16882325188489591,1.4815863496740338,0.4035307642072438
AUS,2019,0.7031561305948774,3.270435235491909,0.07610686799452991,0.24017679290624214,2.0047643977956047,2.054088459548764,1.2917482802045661
AUS,2020,0.16236867714129982,0.13852900988034217,1.4024075672651326,0.0735220949320741,0.9912523084746981,0.5626806273862398,0.0025731000971667803
AUT,2000,0.956413209438324,0.0031804332975297,0.0021202885545789,0.0010601443937048,0.029804960940964402,0.006360865663736901,0.0010601443937048
AUT,2001,0.0004252938088029333,0.0012758831726386666,0.0008505877728263333,0.0004252939252182666,0.0008505874623854667,0.32908039648706694,0.0004252937699978333
AUT,2006,0.0009324982238467,0.8957989035407078,0.0018649964476933,0.0009324983111582,0.0018649964185895,1.0976735772273964,0.0009324982529505
AUT,2008,0.0004736666451208,0.0014209996443241499,0.4933686736039817,0.0004736668197438,0.0009473332902415999,0.00284199957968655,0.0004736666451208
AUT,2009,0.0010632189999644167,0.0031896570969060837,0.8184482864453456,0.0010632186119134165,0.0021264374178523336,0.006379310895378,0.0010632189029516667
AUT,2010,0.0003343256248626,0.0010029774275607,0.9953194293484555,0.0003343256830703,0.0006686511915176,0.0020059537782795996,0.0003343256539665
AUT,2011,0.0021949483198113002,0.27861480763143215,1.0569162483637529,0.0021949484459279,0.004389896309779033,0.9996528162543343,0.9893697440372005
AUT,2012,0.0008361167468440664,0.10176298382187553,0.06625845604382133,0.0008361167080389664,0.0016722332705587665,0.005016700073610683,0.8236174132713735
AUT,2013,0.001504830710473375,0.004514494794420525,0.9932979490986327,0.001504830710473375,0.0030096607370067004,0.9977897702192418,0.2483784315409138
AUT,2014,0.0010680639243218,0.9924486525123938,0.0635452994902151,0.001068064069841,0.0021361276158129,0.9386657300929069,0.0010680639825295
AUT,2016,0.00049635168397795,0.00148905505193385,0.4333018303150311,0.00049635168397795,0.0009927030769176,0.06272735720267504,0.00049635156756265
AUT,2017,0.03722481471818991,0.9376540062200671,0.32027803371643737,0.0029764602002353467,0.005952920144356933,1.0106734417121115,0.8138117253481009
AUT,2018,0.0032900325022637,0.0098700958769766,0.0065800638403742,0.0032900315709412,0.006580062210559699,0.9670996821951119,0.0032900315709412
AUT,2019,0.24561748244533577,1.0212863054392591,0.0031350887646631282,0.0015675446650544429,0.003135088864447657,0.009405265678651185,0.0015675450143004428
AUT,2020,0.0238955451059154,1.7007139753841325,0.19969602252240257,0.3683608380379154,0.020083476003491894,0.6149267560977012,0.07232335576554738
BEL,2003,0.0008686992223374001,0.2492541200481354,0.0017373985610901,0.2803115546703338,0.0017373985028824,0.4652221461292355,0.000868699455168
BEL,2005,0.0006514192791655,0.0019542574300428998,0.0013028384419157,0.0527401007711887,0.0013028385001234,0.003908516373485001,0.938140034675598
BEL,2006,0.0001230985362781,0.00036929557973047506,0.000246197028900475,0.12432919442653655,0.000246197087108125,0.12456291196576783,0.0001230985362781
BEL,2009,0.0016646183212287,0.004993854963686001,0.0033292368170802994,0.8650191692286169,0.0033292358275500995,1.1199993118061677,0.0016646180301903
BEL,2010,0.0008217251597670001,0.0024651788553452752,0.00164345061057235,0.0008217253925975748,0.001643450275878225,1.7417827238241441,0.0008217251597670001
BEL,2011,7.3030525527425e-05,0.0002190916056860875,0.021014679172367316,7.30305473553e-05,0.0001460610583308,0.1034010720613878,7.3030525527425e-05
BEL,2012,0.0007624136051163,0.0022872401168569,0.0015248266863636,0.0007624134304933,0.0015248268027789002,0.9923758624354377,0.0007624136051163
BEL,2013,0.615066767146345,0.011171249265316298,0.907920277473749,0.08402474087779381,0.007447499810950299,3.7296295971609634,0.14473984405049095
BEL,2014,0.08942710671496255,0.5264866160694508,0.00257841711863852,0.5328121533694987,0.00257841742519888,0.3339710666565219,0.245479499727177
BEL,2015,0.3719189780919501,0.004441598207146166,0.05009529643575643,0.0014805331108313667,0.002961065775404133,1.8643646696582432,0.03807123934772473
BEL,2016,0.7688297180575319,0.0081738126464182,0.06541651068255244,0.07013360285782236,0.5987418912991413,2.1983050777344024,0.2903994048538149
BEL,2017,0.0016077235923147501,0.09848920025009021,0.9322969969750069,0.05709024752529017,0.7932953656321236,0.15021451886665635,0.3003392797545529
BEL,2018,0.4032904864288864,0.2400089607690457,0.3287659428897308,0.4838891307590525,0.9754197718575597,1.36504095850978,0.7035846863291231
BEL,2019,2.2659540322728433,0.20740427691184465,0.09408574384066126,0.7900740283020283,0.5035218808001696,0.9250338215622035,1.273450094147674
BEL,2020,0.0005141871515661168,0.0015425613479841996,0.5756582123285625,0.0005141870739558666,0.0010283741285092667,0.16819287831700983,0.4192162658437155
BGR,2003,0.0029785183724015,0.0089355527888982,0.0059570351149886,0.955322265625,0.0059570351149886,0.017871106974780303,0.0029785183724015
BGR,2008,7.442240021191001e-05,0.09903250944335017,0.00014884479460305,7.442238274961e-05,0.00014884476549922,0.00044653426739384,7.442240021191001e-05
BGR,2020,0.00023606962058692,0.00070820900145916,0.00047213924117384,0.19645895957946774,0.0004721391946077199,0.00141641790978604,0.00023606962058692
BIH,2017,0.5221498012542725,0.31199270853539907,0.1584148273686877,0.0007442698115482,0.0014885399723424,0.004465618927497099,0.0007442699861712
BRA,2012,0.2383396625518799,0.0032349127577616004,0.0021566087380051,0.0010783042525872,0.0021566085051744,0.006469826446845899,0.7465640902519226
BRA,2016,0.23146448938415326,1.4449817206962812,0.18895976445896318,0.10070260559182809,0.07721793837521929,0.31568389200644187,0.0021006791584011193
BRA,2018,0.008473640230173766,0.2654192576689333,0.39726419141516084,0.0012758425436913334,0.0025516851843953667,0.8979719154303888,0.09371013046863169
BWA,2011,0.0005214916309341,0.1279519708477891,0.49357567291008314,0.0005214914563111,0.0010429830290376,0.37586487911175914,0.0005214916309341
CAN,2000,0.005224464694037868,1.638387843287394,0.45176132145570513,0.3305562928241363,0.010250520679012633,1.6457493825194716,2.251403455079223
CAN,2001,0.000440263771452,0.0013207914307713,0.00088052783394225,0.00044026467367075,0.0008805276011116499,0.4955973629839717,0.0004402637132443
CAN,2002,1.607653098530136,0.0155248582013874,2.5643953036051235,0.0051749531703532,0.0103499062824988,1.791726909752468,0.005174953723326
CAN,2003,0.9913165339967234,1.0018320460221721,0.630286926752887,0.5817910341138484,1.0048368925345121,1.630472661345264,1.1594638907408805
CAN,2004,0.34193182401941147,0.0035276224662081496,0.0023517480585723,0.5569059892732184,0.0023517479421568998,0.5761864117230283,0.01674467013799575
CAN,2005,2.2111775991157616,1.065169192804023,0.470781911397352,1.225035544997081,0.03079834117088375,3.2161975036491612,1.9808398975525054
CAN,2006,0.24393620216869738,0.813891496392898,0.1105410120217126,0.0030813533230683006,0.006162705365568101,2.3013228593044905,0.5210641920566556
CAN,2008,1.1654929848271423,0.01325087824952701,0.8997903679322914,0.0660025376826523,0.21934794674161767,0.4991259337810323,2.0369892882765273
CAN,2009,0.30433675306267055,2.460738256389352,2.5185796504471596,0.2643804072285998,0.360742757843884,2.163812894393532,2.0940760906281266
CAN,2010,0.34698767731537195,0.46752375254152484,0.8322455850845601,0.02606143801073937,0.003149463455857664,0.698647787460746,0.001574732346593141
CAN,2011,1.469745224314032,2.8482626069370385,1.251993928943106,0.6392229944030986,0.009482783584167213,1.3305659355918602,0.09358354709859511
CAN,2012,1.8253073996558666,1.716843257958437,0.7927915520131734,0.3293169268615501,0.8213800177972486,1.994317333814007,1.4533768224010903
CAN,2013,2.6467700013367,1.5716189570627934,3.8233951338023546,2.393664407833906,0.020715033224161662,2.1369307645742044,0.23190588875052773
CAN,2014,1.2983706824597903,1.7374997622042425,0.09409756095847076,0.1655834850389509,0.00498590475181088,0.1001312145497639,0.04933140733046444
CAN,2015,1.6871423736142572,0.854618717902449,1.6108910194223938,1.1893465933625562,1.1313040306170767,4.5162665124697075,2.9390022513481586
CAN,2016,5.507637426581156,3.480978685502969,2.7451311969586323,0.4166955973700763,3.1404120962348916,2.8182090612302932,7.024269418096324
CAN,2017,1.3481043318337809,2.868635234004439,2.5258647740289137,0.023541224525459238,0.8001902409905409,1.2827679130257006,2.1175630821232483
CAN,2018,1.2655132244641816,1.1709352778125315,0.4140391090865397,1.0980591555950618,0.2548251565264455,2.1313707281369707,0.08192391005771521
CAN,2019,2.7647437527405723,2.6769622731349583,3.062344404148115,1.8738994039401102,0.7423067168392214,2.983091219942154,1.8942714290743292
CAN,2020,1.993182488688035,0.19141842708825849,0.8211670461547323,0.00221519248249606,0.004430384986334907,0.5224383678510383,0.998481431854695
CHE,2005,0.0007274441304616,0.0021823325078001,0.0014548879116772,0.000727443897631,0.0014548878534695999,0.6735676177195271,0.3198853731155395
CHE,2009,0.3724309206008911,0.00275877950480195,0.0018391871126368,0.00091959367273375,0.1156143374391831,0.0055175607558337995,0.0009195934399031
CHE,2010,0.0021781186806037003,0.28449309826828495,0.9067879094509405,1.0321756975608878,0.3381277155713176,0.12532444135285814,0.310913064109627
CHE,2011,0.00040101096965366664,0.0012030330641815334,0.0008020219781124665,0.2094847559928894,0.0008020218616972,0.45357280740669603,0.00040101096965366664
CHE,2013,0.0017308907505744335,0.005192671902477433,0.0034617814429412667,0.0017308909640025333,0.33025604439899303,1.0025683914039587,0.9883927357926343
CHE,2014,0.0012446798500604,0.0037340390554161,0.0024893594381864,0.867155068932334,0.0024893590889402996,1.1216428516199806,0.0012446797918528
CHE,2015,0.9837778976070694,1.2398662749910723,0.456835440068971,0.0028704842552539998,0.0057409675791854995,0.41473727853735787,1.396171591419261
CHE,2016,0.5624634274960647,0.2428271721146291,0.7017579291520322,1.6217785289093927,1.032092022792009,1.7305458659927027,1.3585352893181453
CHE,2017,0.005281987323541749,0.36631018233310775,1.6905427212477655,0.7989005683921272,0.572008749644737,1.7047929803666169,2.612162834229821
CHE,2018,0.4748934780173133,0.11668680948237563,0.004473206243063404,1.14035619090654,0.0044732047322513565,3.267991558389297,0.002236602451820186
CHE,2019,1.1742984176817113,0.31306401692563574,0.39697285021247747,0.8058680834947152,0.5540530666476111,2.9489574908366185,0.5567859570292055
CHE,2020,0.3631578961406679,0.13390741186837324,0.04228612111182873,0.0011489871152054333,0.0022979737259445003,1.789385995847017,0.0011489868823748
CHL,2015,0.0002767472178675,0.12905641473480495,0.0005534944939427,0.1016028672456741,0.08638356911251314,0.1818501497327814,0.00027674724697135
CHL,2016,0.2173736809985712,0.09385804348858062,0.16150412393035352,0.00065717026591296,0.303470849210862,0.32247895385371494,0.0006571701029315101
CHN,2010,0.00041677843546494007,0.0012503354460931802,0.5941651216708125,0.00041677854023867994,0.0008335568360052599,0.00250067075248794,0.00041677843546494007
CHN,2011,0.00104502064641555,0.0031350625213232997,0.6965018504997714,0.0010450209374539,0.2959098211140371,0.5013182354741726,0.0010450207919347
CHN,2012,0.00195923502469659,0.2124225264939009,0.4897236631688425,0.0019592347962314803,0.046077535163203405,1.683617580936697,0.21424019407568246
CHN,2013,0.0014701987383886502,0.421258158443379,0.24020772022777231,0.0014701990148750003,0.0029403974331216,1.831183145201066,0.0014701985928695
CHN,2014,0.0003655665786936,0.0010966997651847,0.0007311331864911,0.0003655664913821,0.0007311329827642,0.9522603118675755,0.0444496162235736
CHN,2016,0.05033287957776317,0.08089763199677641,0.10994162254501114,0.0031923346919936605,0.996381770924199,2.156061368645168,0.0031923334929159003
CHN,2017,0.0011423834235755798,0.43701220516377337,0.00228476855263559,0.0011423837437177502,0.0022847671309134195,1.7049911404406883,0.0011423833770094198
CHN,2018,0.0032790940022094,1.2216019945626606,0.05796010830090308,0.18208472020341984,0.006558185705215901,3.055979373923036,0.9725365769700145
CHN,2019,0.5595623741149514,0.3821881347879142,1.3286964264261765,0.0024151513304482173,0.061995913002950036,1.8136472557186296,0.018161503297354133
CHN,2020,1.1220013453489328,0.5713774348453914,1.6189690039163298,1.2022977582974512,0.16475800257564155,1.5169196850270943,0.003676699777133353
COL,2016,0.0005684916395694,0.0017054772470145,0.9920411556959151,0.0005684916395694,0.0011369835701771,0.0034109500702469,0.0005684915813617
CYP,2014,0.0011848680442199,0.14268704730784493,0.0131200980977153,0.5154938963241875,0.0023697360302321,1.3239594351616688,0.0011848677531814998
CYP,2015,0.0009062571334652,0.9882186615141109,0.0018125146161764001,0.0009062571916729,0.0018125140340998001,0.005437542218714699,0.0009062570170499
CYP,2020,0.00026056979550046665,0.0007817094641116001,0.0005211396686111334,0.0002605698537081333,0.10770774692840246,0.5568743622279725,0.00026056979550046665
CZE,2006,0.0008118846453726,0.0024356535286640998,0.9886336419731377,0.0008118841797113,0.0016237687086686,0.004871305718552,0.0008118843543343
CZE,2013,0.000195400134543875,0.0005862003308720249,0.00039080019632817503,0.000195400134543875,0.00039080022543199996,0.001172400807263225,0.24706900119781494
CZE,2015,0.00027183489874005,0.16598868469009173,0.0005436698265839,0.00027183484053235,0.33102113791392185,0.0016310087521559501,0.00027183489874005
CZE,2017,8.670455177447143e-05,0.14172998711001125,0.0001734091118643143,8.670454345908572e-05,0.00017340906197204291,0.0005202271692853713,8.670454345908572e-05
CZE,2018,4.858173067784444e-05,0.00014574523083863333,0.11043096644829752,4.858172421032222e-05,9.716342255057778e-05,0.0002914902741192778,4.858171127528889e-05
DEU,2000,0.4572902321815491,0.0010909849079325002,0.0007273233204613001,0.0003636616747826,0.0007273231458383999,0.0021819698449687,0.5376184582710266
DEU,2001,1.7378553893999198,0.011787830293177719,1.2737239877344106,0.07351188778411576,0.6022676214459349,0.16867701072478558,0.3321762974606824
DEU,2003,0.0009873147355392,0.0029619437991639996,0.22346957374247717,0.00098731461912385,0.7700603188714011,0.5005462122207968,0.0009873145609162
DEU,2004,2.2522691393387504,0.1266451714327548,0.22012361019733298,1.4562553289288185,0.1940399603336112,2.0308721566689183,0.2197946188680358
DEU,2005,0.1502933900337662,0.7564987413934421,0.8669619806169061,0.6706068859493823,1.235849311749916,2.7859942189534173,2.033795454131905
DEU,2006,0.3458666979568078,0.28800235572270994,0.7267443473101592,0.37847126481938165,0.0078871397417968,1.4629593717399978,0.29006887017749244
DEU,2007,0.5787253330694507,1.3347955596167596,0.6093648173613468,0.21234777517383907,0.0065886692493218,0.9471163567970492,0.911061398859601
DEU,2008,0.5383973265804038,0.15206459583714524,0.20709149428876072,1.2876617380146247,0.49785799482682075,1.1015310787091326,0.8820624694538612
DEU,2009,1.1333571556950282,2.2594314889767144,0.5758437500580449,0.026698865143186656,0.3277474714183791,2.8750979914804407,0.26545970485506853
DEU,2010,0.0008098674006759999,0.40250109726912325,0.09396807226585215,0.0008098674006759999,0.49624202816630714,0.004859204607782551,0.00080986740067595
DEU,2011,0.00157351811399805,1.1556567199960612,0.26236829860967437,0.3304970855990957,0.003147035828857957,0.009441107378473715,0.16588765362394034
DEU,2012,0.1277722505702208,1.6151471564405546,2.1934259241107297,0.2851241591333138,0.9913130149851588,2.18631659956639,0.334234164013469
DEU,2013,0.8904939347121394,2.507853517677479,1.0674107943971949,0.7172704836921182,0.6116682782521814,1.277765380449029,0.38587087016154914
DEU,2014,0.16036865900969108,1.0688222119875714,0.6925858318689276,1.751512826723046,0.008720851945690283,0.9482696490595103,0.1697199244867076
DEU,2015,1.1995296139464093,2.004130890623976,2.1754177824652285,0.00828698410574924,0.01657396481217086,2.462017401511547,0.9007100008583314
DEU,2016,1.716788079869279,1.2107547674316987,2.2235532094710613,1.2083358217477023,0.021458559000442263,3.091792179476412,1.5296983352679359
DEU,2017,1.7043238137909182,4.508901411756163,3.711953398610403,1.9694217599377264,0.6166445540108544,8.022902642270466,2.150773053435171
DEU,2018,2.006152061276629,1.132518211240593,2.913274906795574,2.300945448724734,0.029194259269083627,2.156174891573346,4.767295916299593
DEU,2019,3.9114820024904997,4.8961097712228,1.2513922637219,3.3660580705536716,1.3278523433528033,4.160061692282515,0.3049011595416914
DEU,2020,0.12199626826719964,2.588857091992395,1.4417312989263635,1.063336961052846,0.7764808800304303,2.018743090283045,0.005521118204341863
DNK,2005,0.0002157090697437402,0.09786477650050072,0.00043141811620442004,0.062162077426910406,0.0004314180230721599,0.038678892841562604,0.0002157090697437402
DNK,2013,0.0009064745972864,0.0027194234426133,0.9083716939785519,0.0009064744226634,0.0018129488453268,0.08437654870795058,0.0009064744808711
DNK,2016,0.0005533713265322,0.0016601141542194001,0.9922528266906738,0.0005533715011551,0.0011067427694796,0.0033202280174006,0.0005533713847398
DNK,2017,0.0013210112228989,0.0010904868831857,0.8010999228863511,0.0003634956665337,0.000726991216652,0.1950345912482588,0.0003634956956375
DNK,2019,0.0004402736958581,0.9942764719598925,0.0008805474208201001,0.0004402736958581,0.0008805487013886001,0.0026416418259028,0.0004402735794428
DNK,2020,1.0233338870108126,0.11228311165274726,0.12224362699780598,0.2702310251188464,0.0017441044115304,0.3359588307697164,0.0008720523619557268
DZA,2017,0.00017083649678773332,0.0005125094515581,0.00034167299357546664,0.00017083653559286666,0.00034167299357546664,0.33162497296386073,0.0001708364773852
ECU,2016,0.00011687872465698001,0.00035063613904637997,0.053630351996980574,0.00011687873629852,0.03878846166189758,0.10687991671729828,0.00011687870137392
EGY,2009,0.0002923322608694,0.00087699692812735,0.0005846646672580001,0.495615005493164,0.000584664492635,0.001753993477905,0.0002923322608694
EGY,2020,0.0001335212873527667,0.0004005638644836,0.37352041917620227,0.00013352128250211667,0.0002670425456016917,0.04207806666333137,0.000133521258248925
ESP,2000,0.0017201972659676666,0.0684562607978779,0.003440395152817033,0.9175695838639512,0.3257138809810082,0.010321186544994133,0.006111857908156966
ESP,2001,0.4593074917793274,0.11365401570219531,0.0010168161243199,0.0005084081203676,0.0010168160079046,0.0030504480237138,0.4214460253715515
ESP,2002,0.00016543286619706665,0.0004962986373963,0.0003308657711992333,0.17694520950317383,0.00033086569358903333,0.15489921063029508,0.00016543284679450002
ESP,2004,0.00029229428037065,0.000876882841112,0.0989458119147457,0.04086848720908165,0.0005845885607413,0.3096120452100875,0.0488198772072792
ESP,2005,0.00010875475127248,0.03263774084625764,0.0002175095723941601,0.00010875477455555999,0.00021750947926189992,0.00065252851927644,0.1660572052001952
ESP,2006,0.0019430115935391002,0.0058290356537324005,0.0038860231288706,0.7691524475812912,0.0038860235363243,1.2133604388218366,0.0019430115935391002
ESP,2009,0.0004701109137386,0.2397837282624095,0.0009402216528541,0.0004701109137386,0.2330355434678494,0.5248301536194047,0.0004701109137386
ESP,2011,0.08014585794363582,0.252432490673123,0.44117100050465935,0.0004028416199919444,0.0008056831494387001,0.0024170493254332447,0.00040284162645949997
ESP,2012,0.861711253489678,0.0139327763851415,0.5626821279292922,0.9950249890874449,0.0092885163806684,2.273805202062551,0.6168885373044759
ESP,2013,0.04955135833782439,0.31377418731766094,0.33938585765815,0.0020485088636631138,0.30945408967866844,1.6170708374605354,0.00204850882097752
ESP,2014,0.004561912908684301,0.2970391643466422,0.8189589671674181,0.994250086834654,0.18705061415675986,1.8235640205675727,0.3745752816321328
ESP,2015,0.00240696212858878,0.7807593939884091,0.417854919697856,0.9928791198937683,0.0048139237042048606,1.5988787427428166,0.002406961796804961
ESP,2016,0.0016071270850562748,0.07995363598456566,1.8589041302717912,0.3896980525557107,0.07623083431584116,0.5086657273156251,0.0016071267843167751
ESP,2017,0.5262518325544076,1.4147804281965357,1.7995832211308875,0.3211218541036938,1.3002737729620997,2.310135620457001,0.5778532012191134
ESP,2018,0.3432159350340948,1.3759309106389983,0.9893465604400254,0.24665294095757384,3.049920991819817,2.239173625828696,0.005758893443271199
ESP,2019,0.0033363220184884006,0.5717640135165608,0.7669941613081993,0.003359353567550967,0.1625629746898385,2.3219802790942285,0.003336322843097
ESP,2020,0.00101736721020035,0.00305210202835335,0.24965331384252448,0.001017367578848825,0.00203473460472495,0.6588744379502409,0.00101736721020035
EST,2013,0.00037139137275516,0.00111417418811466,0.0007427828153595,0.5385485887527466,0.0007427828502840598,0.0581088931183329,0.00037139137275516
EST,2018,0.0010971785522997,0.0032915354240684,0.0021943569881841003,0.9453457593917848,0.0021943569881841003,0.044779633171856195,0.0010971787851303
ETH,2013,0.8178696036338806,0.0015762125840408999,0.1753001999459228,0.0005254042334854,0.0010508082923478,0.0031524252844971003,0.0005254041170701
FIN,2001,0.0006150417728349,0.0018451249692588002,0.0751690305769443,0.0006150418426841399,0.0950711246347054,0.42606958409305645,0.0006150416331365399
FIN,2003,0.0002043795539066,0.0006131386229147,0.00040875906900810004,0.13475913802782694,0.00040875906900810004,0.19673476688330985,0.00020437949569893335
FIN,2004,0.0002921384293586,0.0008764154335949,0.0005842770042363,0.20280317962169644,0.00058427685871715,0.29456756016588764,0.0002921384293586
FIN,2006,0.0006832620128988666,0.0020497860386966666,0.0013665240257978,0.0006832628666112667,0.0013665237929671333,0.6598340379229435,0.0006832619352886666
FIN,2007,0.0006722193987418667,0.002016658429056333,0.0013444386422633333,0.6306435267130533,0.0013444385646531332,0.02997320036714267,0.0006722194763521334
FIN,2008,0.0003360943228472,0.49563077045604587,0.00067218852927905,0.0003360942355357,0.00067218844196755,0.00201656541321415,0.0003360942355357
FIN,2009,0.0023989374749361497,0.4243621188797985,0.00479787559015655,0.00239893846446645,0.00479787483345685,2.01548449799884,0.0457598271314053
FIN,2010,0.00024811537393056666,0.0007443463740248999,0.0004962307478611333,0.17937729756037393,0.0004962307090560334,0.1517229969419228,0.00024811539333313335
FIN,2011,0.0017634978867135,0.0052904930198562,0.0035269960062575007,0.10169809765648088,0.0035269943764431005,0.9024400011985558,0.9817539455252702
FIN,2012,0.0004808790981769,0.0014426320267373,0.0009617547038940999,0.0004808773810509,0.0009617547621018,0.9951912113174326,0.0004808773228432
FIN,2013,0.0260495394468307,0.0014209570654201001,0.5420465807255823,0.0004736522969324,0.0009473045938647,0.42858835044899,0.0004736524133477
FIN,2014,0.0002742256328929,0.0008226769277825501,0.4059074069664348,0.0582512468099594,0.00054845129488965,0.03392177951172914,0.0002742255455814
FIN,2015,0.0015528136282226333,0.0046584404190066,0.9593118341678442,0.4979717526196813,0.003105626480343233,1.0415317904553372,0.15853437381641317
FIN,2016,0.00047373902634715,0.0014212163223418501,0.0009474777034483,0.00047373890993185,0.00094747752882535,0.4952626283338758,0.00047374036512335
FIN,2017,0.000150664197281,0.00045199267333364,0.000301328394562,0.3977400302886963,0.00030132832471276,0.0009039851021952001,0.000150664197281
FIN,2018,0.0014610145299228496,0.24341959820594616,0.49012047355063265,0.26783567285747245,0.5046039014123379,0.4910983507288611,0.0014610142970922007
FIN,2020,0.0007188091112766,0.0021564278431467,0.00143761838262415,0.9927157654456096,0.0935881009500006,0.4086644874041664,0.0007188093150033999
FRA,2000,0.0010968577116727332,0.0032905734454590665,0.0021937155785658664,0.46023404598236084,0.0021937155009556664,0.19656092580407833,0.0010968575564523333
FRA,2001,0.0356062687933445,0.0739036207960452,0.0002949988265753,0.0001474994060117,0.0002949987974715,0.0035902466333933,0.8861624002456665
FRA,2002,0.08182042534463098,0.06284271749124526,0.6847720614265805,0.0012245755060575666,0.4991014450109407,0.1503137864735128,0.6865916063543409
FRA,2005,0.1327276497613638,0.0050688318733589,0.25138394028181205,0.0016896109445950999,0.0033792210742830003,1.6040611164644356,0.0016896104789338
FRA,2007,0.0006011064979247,0.0018033196683971,0.0012022130540571,0.0006011069053784,0.0012022129958494,0.993988959409762,0.0006011064979247
FRA,2010,0.0014888152945786,0.18627490720245982,0.7973481521476059,0.001488814712502,0.0029776296578346998,0.0089328880421814,0.0014888149453327
FRA,2011,0.00036346382694315,0.00109039136441415,0.12142551902797999,0.0003634638851508,0.0007269276538863,0.3756667705893049,0.00036346379783935
FRA,2012,0.003240147570260842,0.009720442206316161,0.03466234366748121,0.0032401476284685754,0.006480294128061189,2.250388917483205,0.9952980773946778
FRA,2013,0.0006298952697154333,0.695855684384393,0.0012597906364437,0.0006298953085205667,0.0012597904327168667,0.0037793717056042006,0.6299189329147339
FRA,2014,0.15163597046193888,0.17499834218760912,0.37506766333244695,0.3327593325942872,0.003094053978565823,1.2858976228802925,0.001547027025662685
FRA,2015,0.5782327482593246,0.003898824526307233,0.5228948679481011,0.21661039752264816,0.0025992164155467334,0.007797649013809333,0.0012996081495656332
FRA,2016,0.9945399402640761,0.006194440450053362,0.004129626380745179,0.00206481324275932,0.7942490520479621,0.9967573277477628,0.00206481328350474
FRA,2017,1.4828007839547352,1.1849822627259214,0.014522549321796767,1.946791115506009,0.15101566039132427,1.595341219389227,0.33287976147354703
FRA,2018,1.398790053842175,1.0010608170996416,1.224542457933744,0.12991643724186935,0.6905791112771511,1.021005334723869,0.0063280676194049906
FRA,2019,0.19424033924587972,0.018390289077068928,0.8440809925785283,0.9366616931394673,0.4994954659021454,0.22899064542143488,1.9781406530877579
FRA,2020,1.0324101193778916,0.31631666658213325,0.8716995489172402,0.425859789655078,0.641281179024372,0.7301972798857588,0.03223532752308503
GBR,2000,0.009164824674371299,0.19968063686974222,2.1610344426590014,1.8258646072936242,0.5683857484254976,2.5976174228126157,1.1382524401415135
GBR,2001,0.006474031945911856,0.5487141367868468,0.7530198872366562,1.5550544492002307,0.012948063986064885,3.0601725028811133,0.006474032237504688
GBR,2002,0.8061551183927803,0.9285540033597497,0.2315950400661675,0.0033695825841276,0.0067391630727795995,0.020217494806274196,0.0033695825841276
GBR,2003,0.0035251691588199002,0.9883436392895715,1.3095409813007182,0.16670499649868956,0.0070503383661461,1.3546431392023794,0.0035251689550930836
GBR,2004,0.0018696285066349331,0.005608885112451183,0.0037392569356596668,0.0018696287782707169,0.0037392569550622,2.1479704035834097,0.0018696286424528166
GBR,2005,1.4935007491013184,1.7255028205060303,4.258621078254266,0.799759439133534,0.019578315911347594,3.6238767059762376,1.4458277316938615
GBR,2006,0.9891883491945919,1.2448991597630077,0.9995218813128298,0.003283400845248,0.006566801253938602,1.2993075726844823,0.4572328043868765
GBR,2007,1.0769290210291116,3.839112477109301,2.9164192244488127,0.5560069785763816,0.62563971246903,3.0420400979657023,0.010519251693039522
GBR,2008,2.8331256042777877,8.573841224693268,3.3943310798970416,1.5022849026989797,0.8663618982624005,2.2028280642698452,0.5938941300574988
GBR,2009,1.9127804649489306,5.764782092878399,1.5508930944245842,0.40920215700655965,0.7874248007632544,4.029390036941425,3.578860640709171
GBR,2010,2.5855295159077896,5.818341029507186,3.403597476329498,1.6631297296650391,0.31114989383301217,1.570928706797223,1.9806570564105639
GBR,2011,4.0051976426600175,8.006642045130967,4.968897199150107,2.807023866378585,0.48517937446220694,4.077748296228009,0.7683592323072448
GBR,2012,0.8635385626674773,4.270335776947708,4.859570051395955,1.4976293958189966,2.813893595413536,3.074350541808714,2.320682161357642
GBR,2013,4.988319328623281,6.620622619554825,0.6220419756796502,2.5912316788555474,1.0561793426696855,3.8578570325039063,1.122081558928766
GBR,2014,0.8005223547050256,2.0545684112410507,0.5194150863040697,0.8552365368173921,2.966353125777094,3.8186790841631555,1.1852255776873792
GBR,2015,1.1162662539057364,4.9523588169842885,2.1010730588573034,0.21645041554999875,1.0060769464856647,4.2385295450870295,1.0787687129047252
GBR,2016,1.3373300905694228,7.085926880836188,3.0454725008191077,1.2375251622194932,1.068149643748171,1.432996224368768,0.8223614789298835
GBR,2017,1.2006617861142979,6.083855237263683,3.363669401084462,0.7373476135656726,2.1788079340922804,5.171214130384585,2.7263487680049474
GBR,2018,3.0158354343644325,3.0768990501826083,3.403945416768128,2.7426357434967126,0.24009580203661673,3.2986865752137278,1.8941240812973559
GBR,2019,2.058584487410067,6.894281916221367,4.275453133352372,4.262583872346053,3.4579599176135773,4.714847083191846,2.5529563052521547
GBR,2020,0.8364963455483828,4.00176667629324,3.8212749890015396,0.03432733792045159,0.7078294325823651,2.2596176067338885,0.006743054636737325
GHA,2013,0.00013806342030873333,0.33153851330280304,0.0002761267339034333,0.00013806336210106667,0.00027612671450086664,0.0008283800949961999,0.0001380633815036333
GRC,2001,0.0013484509545377,0.0040453530382362005,0.0903591107344254,0.4501530939596705,0.0026969023747368,1.450048646656796,0.0013484511291607
GRC,2004,0.00018616889913876668,0.0005585066780137,0.0003723377400698333,0.09142778317133587,0.00037233768186220004,0.24023002248335,0.00018616884093110002
GRC,2005,0.0012257175985723,0.0036771534942088,0.0024514354299753002,0.6001485586166382,0.0024514351971446,0.3888200309593228,0.0012257175985723
GRC,2006,0.0004596734361257,0.0013790203665847,0.8328442001657095,0.0004596736107487,0.0009193468722514,0.1634784165944437,0.0004596734361257
GRC,2010,0.09010678088192685,0.20167486138442206,0.9908516357785887,0.9946615450400192,0.4639135189728609,0.5423213507456229,0.0021845716068386286
GRC,2011,0.0004342057509347,0.13675096794031538,0.0008684115600772,0.0004342058382462,0.0008684115018694,0.8602095735550389,0.0004342057509347
GRC,2012,0.001706994837149925,0.1352138420043045,0.0034139901981687752,0.05820663544000119,0.0034139894123653243,1.54633752736845,0.001706994837149925
GRC,2013,0.05423128478772297,1.5056625964546884,0.5095988837711045,0.712557213254816,0.0049727169001315,0.7938242604723189,0.002486358280293542
GRC,2014,0.00018915006512542498,0.000567450260859825,0.37235190945648344,0.00018915010878116253,0.0003783001084229625,0.0011349005653754627,0.00018915006512542498
GRC,2015,0.0010419666068628,0.0031259006354957,0.0020839332137256,0.0010419664904475,0.0020839332137256,0.9895803614053873,0.0010419664904475
GRC,2016,0.0006285697144145,0.16590574954170717,0.0012571397198673866,0.0006285698347103499,0.558550741469177,0.23906730640834792,0.0006285697144145
GRC,2017,0.0007159150180606143,0.11269763544052161,0.3157569435341947,0.0007159151760527572,0.8388530029707386,0.1591160460001053,0.0007159150430067285
GRC,2018,0.0010109219777707,0.0030327664571811338,1.6525137302232904,0.0010109223464192334,0.0020218441301644,0.0060655326815315,0.0010109218807579667
GRC,2020,0.21204221538937415,0.1430816804422646,1.204813121476036,0.0008907751107471001,0.0017815501050788003,0.18649991895654178,0.0008907750379875751
HRV,2016,0.00039107890916055,0.11089826733223163,0.0007821579638402751,0.00039107899647205,0.000782158109359425,0.13636416674125937,0.0003910791419912
HUN,2018,0.1201643767999485,0.0059120118967255,0.0039413408958351,0.0019706705934367,0.0039413413614965,1.8620995807577851,0.0019706708262673
IDN,2017,0.00017083649678773332,0.0005125094515581,0.00034167299357546664,0.00017083653559286666,0.00034167299357546664,0.33162497296386073,0.0001708364773852
IND,2000,0.0012021422153338,0.0036064275773241,0.0024042838485909997,0.0012021422153338,0.0024042837321757,0.9879785759840158,0.0012021418660879
IND,2011,0.40940619958564634,0.7834659560467112,0.9925293126143512,0.002008733106777,0.0040174663299693,0.8065636095125223,0.0020087334560228
IND,2014,0.0001543849260391,0.0004631547781172667,0.1306033322956258,0.20072299242019653,0.0003087699102858333,0.0009263098084677001,0.0001543849260391
IND,2017,0.18668883253121746,0.09154722154198663,0.7185261329723288,0.06033956952160222,0.18737953348318107,0.004730344080598724,0.00078839056368445
IND,2018,0.6622198554784214,0.003762377493936933,0.9948119747471837,0.0772126840214089,0.002508251636754533,0.25823068587730286,0.0012541261094155666
IND,2019,0.0010860211526354,0.9889692226424811,0.002172042460491167,0.0010860212690507,0.0021720422082579334,0.3367619923083108,0.0010860208809996333
IND,2020,0.1778692603111267,0.0018215533345935998,0.001214368676301,0.0006071843672543,0.0012143687927163001,0.0036431057960723996,0.8136301636695862
IRL,2007,0.0005685264477506,0.0017055788775905,0.0011370521970092999,0.0005685261567123,0.0011370522552169,0.0034111568238584,0.9914721250534058
IRL,2009,0.30474554462125486,0.015553145320153696,0.0103687662922303,0.005184382054721601,0.010368763149016599,2.604999990056966,4.048779308795929
IRL,2010,0.0503742732107639,0.0018389800097792,0.3696077657514251,0.0006129932589828,0.0012259865761733001,0.023264276213012303,0.5530757904052734
IRL,2011,0.0827793308417312,0.0075257893768136,1.8050279642920941,0.0025085961096918503,0.09930726059246771,0.500342451501637,0.0025085968663915497
IRL,2013,0.3655970096588135,0.490812423697207,0.0012634749873539999,0.0006317375227808,0.1372732250019907,0.0037904244381931004,0.0006317375809885
IRL,2014,0.8939528841292486,0.5667299464694222,0.002937135082902175,0.001468567381380025,0.00293713487917545,0.28050574555527374,0.0014685676724184
IRL,2015,0.6745629707972208,0.30803111506005115,0.0029009854188187666,0.0014504928064221333,0.0029009852247932335,0.008702955286328633,0.0014504925735915
IRL,2016,0.0361243262887001,0.00040074529533737493,0.00026716351567299996,0.00013358173600862497,0.21213912245002572,0.0008014903141883249,0.00013358175056055
IRL,2017,0.000955663039348975,0.057708099149749524,0.23069426848087451,0.00095566295203745,0.18046560758375557,0.6532650226436088,0.0009556628792779126
IRL,2018,0.4889035823289305,0.2559548498247746,0.24703833209544704,0.33350516550126486,0.38607146222299576,0.08550234531867251,0.786357642704388
IRL,2019,0.05063955865140692,0.000735881102930975,0.2535242786398157,0.00024529366540562497,0.2764712660088358,0.0014717618760184915,0.0002452936799575583
IRN,2013,0.0011195436818524,0.0033586314530108996,0.3860225855023599,1.4406238496303558,0.0022390877129508,0.1655168161378237,0.0011195437400601
IRN,2014,0.0003087698520782,0.0009263095562345334,0.2612066645912516,0.40144598484039307,0.0006175398205716666,0.0018526196169354001,0.0003087698520782
IRN,2016,0.0015070957015267002,0.4340128676849413,0.1978002343093974,0.0015070977387948998,0.0030141914030535,1.3606514116399915,0.0015070957015267002
IRN,2017,0.0010964020621031,0.0032892065937627996,1.2039510802133007,0.31057187961414456,0.0021928046189713,0.47780227242037615,0.0010964021203107
IRN,2018,0.0011153732775709998,0.6868674264405852,0.0022307471954261,0.6121074202819727,0.0022307465551419,0.6943329162313601,0.0011153732193633
IRN,2019,0.0009437573025933333,0.0028312723928439333,0.0018875148574198665,0.26994443451985717,0.0018875147216020666,1.3882283707498568,0.0009437573608010667
IRN,2020,0.0016517808951901198,0.00495534298534006,0.0033035622996972895,0.6732611044339136,0.09545404458767702,1.919722420172183,0.00165178086608632
ISR,2004,0.0007912727887742,0.0023738190066068003,0.0015825456939637002,0.0007912729051895,0.0015825455193407,0.9920872912043704,0.0007912729051895
ISR,2011,0.000450996245490375,0.18051406290032887,0.5273753382498398,0.000450996245490375,0.0009019922727019501,0.039855595096014225,0.000450996245490375
ISR,2012,0.0004224384611006,0.0012673150922636,0.17542678653262542,0.000422438402893,0.0008448767766821,0.8211936772859189,0.0004224384611006
ISR,2013,0.0006584437263275167,0.0019753311595799832,0.24882756044098636,0.3665412440896034,0.08838077937252808,0.20962483783174896,0.00065844384274285
ISR,2015,0.0004404420033097,0.0013213256024754,0.9938338035135528,0.0004404418868944,0.0008808838319964,0.0026426512631585,0.0004404418868944
ISR,2016,0.0022317113729916106,0.006695134293597878,0.00446342303055405,0.0022317118839255724,0.004463422273854483,2.922127320528184,0.002231711204836128
ISR,2017,0.0010779821313917,0.0032339465105904,0.0021559647284447,0.001077982597053,0.0021559647284447,0.9892201832262797,0.0010779821313917
ISR,2018,0.0008563980809412,0.0025691944756543,0.0017127959872594999,0.0008563981973566,0.0017127959872594999,0.9914360577822661,0.0008563980809412
ISR,2019,0.0027579343295654995,0.2053292858472555,0.0055158686300271,0.5848637257004154,0.005515868222573399,2.348637822433374,0.8473795130266805
ISR,2020,0.0011646750790532334,0.36904269300672815,0.0023293505461573667,0.045180521381553075,0.05592265388501483,1.8585287728055842,0.0011646751372608333
ITA,2000,0.0028855680720878997,0.008656704390886899,0.005771136377006499,0.34823184437118465,0.0057711353874762995,1.625798049906734,0.0028855679556725996
ITA,2002,0.0014208542415872,0.004262550966814,0.980108137242496,0.0014208501670509,0.0028417005669324,0.008525100769474601,0.0014208500506356
ITA,2005,0.0010426921653561,0.0031280762632374505,0.18590697355102742,0.8088815051014535,0.00208538403967385,0.49791271117282987,0.00104269210714835
ITA,2008,0.001985496142879,0.1213673416641538,0.6068313468131236,0.0019854956772176998,0.2678369659697635,0.34737811022205206,0.6526153415907174
ITA,2009,0.0015510693774557498,0.0046532084234055995,0.4874665517127139,0.00155106972670175,0.0031021385802886,0.34452189499279434,0.6571540909353644
ITA,2010,0.14137988041814714,0.003951986863588034,0.002634658225967,0.0013173292099962833,0.4972569510767547,1.01880853450469,0.0013173289286591999
ITA,2011,0.0007992202054804001,0.14359317700349003,0.5719576800451799,0.0007992201232505033,0.001598440073726081,0.9788657056642616,0.0007992202387419571
ITA,2012,0.0006323593552223,0.0018970782402899006,0.7699810850608625,0.7802663721668066,0.0012647186231330998,0.44532609020825414,0.0006323592970146
ITA,2013,0.09341385524021427,2.972183724484057,0.7170158501219697,0.9035288819402921,0.007925263498327199,0.6019696962524891,0.0039626920770384905
ITA,2015,0.931588139370433,1.7250047955991843,3.9558156009346317,0.27095371069056706,0.01067253286115885,1.854947164140562,0.16768477132427473
ITA,2016,0.4311615051701664,1.180643117259023,0.267868366441689,0.7173808186198583,0.5779365154157857,1.4634527038433582,0.361556997115258
ITA,2017,1.1409198670201777,1.7525666597832834,3.809734131776105,1.027956022576351,0.011596074887589354,1.5136933819167693,0.026867249777811568
ITA,2018,0.1768150286108718,0.6695656027150102,2.0462068270280716,0.8189194122445769,0.18018538254545918,4.610321817224027,0.09798596337786845
ITA,2019,0.278217865420932,1.6832413177180563,1.7117186563070086,0.3444750716347089,0.5397209727137419,0.4162381886611289,0.8597213883767835
ITA,2020,0.0036692397261501256,1.6761404055384141,1.5380538798247771,0.4006935120317695,0.0073384783997117575,0.7860056038868286,0.7547655435046181
JOR,2004,0.000188295220141275,0.07191862996842242,0.000376590454834475,0.000188295220141275,0.0003765903529711,0.1767632978007895,0.000188295220141275
JOR,2019,0.0007814907003194,0.0023444726248271,0.0015629816334694,0.000781491107773,0.0015629816334694,0.9921851288527251,0.0007814908167347
JPN,2001,0.0005761422882122571,0.2637147725825862,0.0011522847261012856,0.0005761422882122571,0.0011522843269630289,0.589395064943736,0.0005761423381044857
JPN,2003,0.0005484611028805,0.0016453830758109,0.34661565104033787,0.0005484609864652,0.0010969219729304,0.6489966652588918,0.0005484609864652
JPN,2005,0.0007107105921022,0.0021321311360224,0.0014214207185432,0.9222211241722108,0.0014214204857124,0.0713825424318199,0.0007107103592716
JPN,2009,0.0019627445144578,0.5552306913014032,0.10207413705453867,1.6347411176927078,0.14145236350789944,0.807881987207413,0.08999031683197231
JPN,2010,0.8963566778693348,0.0051151719526386,0.06756879907334211,0.001705057627987,0.7098912626970558,0.3176580126746554,0.0017050570459103999
JPN,2013,0.5616738600074312,0.5835107585007787,0.6654344972339457,0.001800104510038975,0.0036002082779302254,0.9321804819483068,0.0018001046410062
JPN,2014,0.7119014636264183,0.9955365096102466,0.0028243336128068,0.27702737628715113,0.0028243336710144997,0.008473834546748,0.0014121667481957999
JPN,2015,0.0043877957214133005,2.233497548702871,1.9273492616193828,0.32821076663094534,1.000227042415644,0.48419359102262954,0.0221340656862591
JPN,2017,0.0047010108246465995,3.027980966900941,0.009402021241839602,0.7877313093049452,0.1501067945500831,1.015376858180387,0.004701010591816
JPN,2018,0.0020355645974631,0.3643129066913385,0.1410741339786906,0.0020355646556708,0.0040711285837457,2.484435112652135,0.0020355643064247997
JPN,2019,0.3814032542189428,0.043070196474824594,0.1566983607190194,0.03701796824073722,0.0019831000148161915,0.9621688767995991,0.0009915500704663416
JPN,2020,0.0007252434734253999,0.00217573074041845,0.3650260198628529,0.0007252435607368998,0.0014504868304355998,1.1291720767621878,0.0007252434152177999
KHM,2016,0.3300996422767639,0.0016754794633014,0.0011169861536472,0.0005584931350313,0.0011169861536472,0.6648739176453089,0.0005584930768236
KOR,2000,0.0007576855520407332,0.0022730568113426,0.0015153711816916667,0.0007576860177020001,0.0015153714145222667,0.6590898010569314,0.0007576856296509334
KOR,2001,0.00084480229998,0.002534407249186,0.0016896050656214,0.0008448027074336999,0.0016896048327907,0.9915519650676285,0.0008448025328107
KOR,2002,0.0008928420720621667,0.0026785261385761996,0.32688280396784336,0.3441291451454162,0.0017856843381497333,0.6560714679265699,0.0008928420526596
KOR,2004,0.0013301462167873,0.0039904395816847005,0.002660293248482,0.0013301472645252,0.0026602926664053,0.9866985566914078,0.0013301470316946
KOR,2006,0.00017081550322471664,0.0005124465096741666,0.00034163100644945,0.00017081571665281668,0.0003416309482417833,0.16495850948073587,0.00017081548382216665
KOR,2016,0.0004433278809301,0.0013299837592056,0.0008866559364832001,0.0004433280264493,0.0008866557036525001,0.995566728612175,0.0004433279100339
KOR,2017,0.0005041966796852,0.0015125899226404002,0.0010083933593705002,0.1393972486257553,0.0010083931847475,0.8560649943538008,0.0005041965632699
KOR,2018,0.0005491405609063,0.0016474216827189999,0.9762961298110895,0.0005491405609063,0.001098280888982,0.0193107553059232,0.0005491405026987
KOR,2019,0.00084496091585595,0.38830868172226446,0.8726943150977604,0.0008449609449597999,0.00168992174440055,0.23477225622627843,0.0008449608576482999
KOR,2020,1.5638787989446425,0.006067429203539501,0.8502863306493962,1.254240643262165,0.10541671502869529,0.21808756512473215,0.002022476372076
KWT,2001,0.0005635117995552,0.0016905355732886999,0.0011270237155258,0.2840067744255066,0.0011270237155258,0.2547478963388128,0.456737220287323
LBN,2019,0.5943727970123291,0.0011254453333093802,0.00075029785512012,0.00037514849100258,0.00075029663275926,0.0022508906316941997,0.00037514835130422004
LTU,2018,0.9047581553459167,0.0032357920426874,0.0021571943070739,0.080141432583332,0.0021571943070739,0.006471581291407201,0.0010785970371216
LUX,2017,0.1653164327144623,0.0011369527007142,0.0007579686352983,0.13441049059232077,0.0007579685188829334,0.0022739054790386665,0.028679621716340364
LUX,2018,0.0008122769650071,0.0024368300219065,0.0016245536971836,0.9878158569335938,0.0016245539882219,0.0048736605676818,0.0008122766739688
LUX,2019,0.1301002502441406,0.8590261806966736,0.0018122668843715,0.0009061334421858,0.0018122660694643,0.0054367991397154,0.0009061333257704
MAR,2017,0.00022179314692035004,0.44714037010271557,0.00044358639570415005,0.050198122859001146,0.00044358623563305,0.0013307587651068503,0.00022179314692035004
MEX,2001,0.00032305125690373335,0.0009691540035418,0.0006461026302227333,0.00032305137331906667,0.0006461023973921334,0.663436144881416,0.0003230513345139333
MEX,2012,0.0011795944301411,0.9846653112908825,0.0023591888602822,0.0011795941973105,0.0023591881617902,0.0070775647182015,0.0011795941973105
MEX,2013,0.0004197185917291,0.0012591555423567,0.0008394369506276,0.0004197185335215,0.0008394369506276,0.0025183112302325002,0.9937041997909546
MEX,2014,0.0011366149410605,0.39653399330563827,0.0022732294164597,0.0011366144753992,0.5909632577095181,0.006819686852395201,0.0011366147082298
MEX,2015,0.9819636344909668,0.0036072806688023998,0.0024048541672527,0.0012024275492876,0.0024048535851761,0.0072145611047743,0.0012024268507957
MEX,2016,0.00017366944424186667,0.0005210083327255667,0.04782144366375479,0.00017366948304696668,0.0003473389272888,0.2841225336305796,0.00017366942483930002
MEX,2017,0.4986030459403992,0.0026797443861141,0.0017864960245787,0.0008932476630434,0.0017864959081633999,0.4933576912735586,0.0008932480122894
MEX,2018,0.0028420195449143,0.008526060497388,0.0056840390898285995,0.0028420193120837,0.005684038856998,0.829701295122504,0.1447205692529678
MEX,2019,0.14243542838084963,0.4921925307862689,0.5263599423924459,0.6577909616171379,0.0026940541865767996,0.177180049286107,0.0013470270496326747
MEX,2020,0.9895787835121156,0.0020842481171711,0.0013894991134291998,0.0006947496440261,0.0013894988805986,0.004168497864156601,0.0006947498186491
MLT,2013,0.000110108252556525,0.06678660926991141,0.10891582422482314,0.0001101082380046,0.0002202164250775,0.07374701925436958,0.0001101082380046
MOZ,2011,0.0013025549706071,0.0039076650282367,0.0026051100576295998,0.4809394776821137,0.0026051104068755,0.5073375266510991,0.0013025549706071
MYS,2004,0.0010418522870168,0.0031255565118043,0.0020837050396948003,0.0010418524034321,0.6396054256474599,0.35205974604468776,0.001041852752678
MYS,2011,0.0408998024067841,0.18181492853909717,0.1012814974819775,0.27602541496162303,0.0012514034169724998,0.39810125163057786,0.0006257017666939501
MYS,2012,0.0621852204203605,0.0015632598660885,0.6652508605620823,0.0005210866220295,0.0010421731858514,0.2689162743045016,0.0005210866220295
MYS,2014,0.176123206957709,0.043179115332895784,0.000713494687806755,0.2776262933533872,0.00071349469362754,0.15128766373090896,0.000356747373007215
MYS,2015,0.31229533671285026,0.00187749711039925,0.6812471476587233,0.13115296687465158,0.0012516645074354502,0.12154957029997561,0.0006258322755456001
MYS,2017,0.3006668090820312,0.0016599619993938998,0.0011066413135267,0.0005533206276595,0.0011066411971113002,0.6943533356534314,0.0005533206858672
MYS,2018,0.0521436393028124,0.0040450705564577995,1.3221164816641249,0.0013483570073730999,0.6109079598681998,0.0080901407636695,0.0013483569491654
NGA,2019,0.0018249226850455668,0.6503840908699199,0.0036498448850272665,0.0018249223940072334,0.9964522743733439,1.6773723319735523,0.0018249221611766667
NLD,2000,0.0010252825450152,0.0030758490320294003,0.0020505662541836,0.7668970227241516,0.002050565322861,0.2238754301797596,0.0010252825450152
NLD,2001,0.0010601907270029,0.0031805725302546,0.0021203816868364,0.0010601911926642,0.0021203818032516997,0.9893980779452247,0.0010601908434182
NLD,2003,0.00233566877432155,0.00700700760353315,0.0046713382762388,0.0023356691817751,0.00467133737402,2.9766433217155273,0.0023356691235675003
NLD,2004,0.0010084477253258,0.0030253435252232995,0.0020168951014056,0.2077588140964508,0.0020168953342363,0.7831651996821163,0.0010084476089105
NLD,2005,0.3892699157586321,0.0049704760313031005,0.27613141405163316,0.9723377797054126,0.0033136503188869,0.3363446610164823,0.017632077564485298
NLD,2006,0.004004782104554033,0.012014347293490966,0.42313844838645265,0.04278616211377066,0.008009564325523199,4.383150974676633,0.29356247769707483
NLD,2008,0.001315755071118425,0.563111767725786,0.35211390352924343,0.1800345308729447,0.0026315095601601,0.6494768154516345,0.0013157548091838752
NLD,2009,0.0037008232708707505,0.0797275381531405,0.44531559478976557,0.36981442019168737,0.00740164708501315,3.502957280885311,0.007749364745298458
NLD,2010,0.11577135683425388,0.07399501168886968,0.0007753136063304583,0.17951683900416052,0.0007753135384215084,0.21211183887013846,0.00038765685167160835
NLD,2011,4.195010322810001e-05,0.05590470590479003,0.0864909876670156,4.195011154348572e-05,8.390021892928573e-05,0.0002517006401570714,4.1950115701171425e-05
NLD,2012,0.6914979291381314,0.24087207432021351,0.00428654929855814,1.2429297054593917,0.0042865489260289795,1.9822871576296153,0.03384006680571455
NLD,2013,0.001252871101799633,0.003758613297637853,0.0025057421764356266,0.8235785835965848,0.6132198869328322,0.8877647817561707,0.0012528710086674062
NLD,2014,0.09103858800178058,0.3595242234296159,0.0058033703826363015,1.333996089179224,0.4951593581218423,1.1122936346665164,0.6355180545671218
NLD,2015,0.2687410035519859,0.11437110162805722,0.04354749798076194,0.8099573998712004,0.7307506444863975,1.2600163235561912,0.17261604943778341
NLD,2016,0.7845497775436211,1.4517229314016198,0.13108876606565842,0.9038349881115469,0.008101576030769428,1.984508290531395,0.004050788588106576
NLD,2017,1.7222068173552367,1.4099110831249457,0.581589366394092,0.574745367748463,0.009125801143332822,1.7464108134199952,0.5417250951729888
NLD,2018,0.5739491283731897,2.4788892093910055,0.9907183091334036,0.9771704466644825,0.008073507695290014,1.3162014972460565,0.07722006773433823
NLD,2019,0.34288765247523134,1.808794480205202,0.5252562184856888,1.3332762480034337,0.018233703449367734,1.9919192084344086,1.4796325850378096
NOR,2000,0.00049619312630965,0.0014885793789289501,0.0009923863690346,0.0004961933009326,0.0009923861944116001,0.4950380742084234,0.00049619312630965
NOR,2005,0.0004314181394874806,0.19572955300100145,0.0008628362324088399,0.12432415485382083,0.00086283604614432,0.0773577856831252,0.0004314181394874806
NOR,2007,0.0008014172781258,0.0024042517761698,0.0117562218219972,0.0008014172199182,0.001602834323421,0.9818324290099549,0.0008014172781258
NOR,2008,0.0006879860108407667,0.0020639619275848,0.0013759720459346168,0.0782327895770625,0.4985012802887164,0.004127915453863867,0.24834342749090865
NOR,2009,0.001579225772902981,0.6793921217017449,0.3646759636661347,0.0015792257507286286,0.0031584513850419402,1.1802946079017897,0.03122514844705742
NOR,2011,0.0005582201993092,0.0016746601904742,0.0011164402822031,0.0005582200828939,0.0011164401657878,0.9944177800207397,0.0005582201993092
NOR,2015,0.0016028037760406001,0.05719620147719948,0.021780849306378258,0.0016028045909478,0.0032056071911937202,0.714148843265138,1.4004629689850845
NOR,2016,0.4960254430770874,0.0007949100108816,0.0005299402400851,0.0002649700618349,0.00052994003635825,0.0015898200799710003,0.0002649700036272
NOR,2017,0.19858970642089843,0.0002820581430569,0.00018803877173922,9.40193538554e-05,0.00018803873099384002,0.00056411608820778,9.401936549692001e-05
NOR,2018,0.0002541504218243,0.00076245106174605,0.00050830084364855,0.0002541504509281,0.4282950124179479,0.06967178327613499,0.00025415039272045
NZL,2000,0.00041676184628156666,0.0012502855000396,0.0008335236149529333,0.00041676184628156666,0.3231070102580513,0.0025005711164945332,0.004808422488470867
NZL,2001,0.0009194381418637,0.2248356624622828,0.0767099030781536,0.3540690243244171,0.0018388758180662,0.3407076624571343,0.0009194381418637
NZL,2005,0.0005353942979127,0.0016061827773227,0.7747221245663239,0.2183177769184112,0.0010707881301641,0.003212365263607,0.000535394414328
NZL,2012,0.40995841373417813,1.5636506415903564,0.5829905067415284,0.04670994325230494,0.21656298394858162,1.543974727848155,0.3028194462822281
NZL,2014,0.40430012345314026,0.0051901852129956,0.3633754623006096,0.2260748294647783,0.0034601237275637,0.9958692629006686,0.0017300668987445
NZL,2015,0.42254097922705114,0.11588604992721215,0.951359814556781,0.0010213166824541002,0.0020426333649082003,0.0061278999783094,0.0010213168570771
NZL,2017,0.0007914156885817,0.0023742467164992,0.9889201970072462,0.0007914156303741,0.0015828312025404,0.0047484926762987,0.0007914156303741
PAK,2015,0.000314680306473675,0.0009440407884538499,0.0006293605692916501,0.3918960839509964,0.00062936052563595,0.3552718117352922,0.0003146803283016
PER,2017,7.700846098097143e-05,0.0370809889614715,0.10492905475465311,7.700849424248573e-05,0.00015401693027731429,0.0004620507991472999,7.700846929634284e-05
PHL,2020,0.00031273276545105,0.0009381982090415999,0.0769196545297745,0.0003127327072434,0.0006254654144868,0.0018763960397334498,0.4190148115158081
POL,2004,0.0007718449342064,0.3024368472979403,0.0015436896355822,0.2530412971973419,0.0015436897519974999,0.4398907447466624,0.0007718449342064
POL,2005,0.0007815275457687,0.0023445833357982,0.0015630556154064001,0.0007815278950147,0.0015630552661604,0.9921847435180097,0.0007815275457687
POL,2008,0.011147773669411717,0.6347737751008631,0.0013101935522475,0.0006550967421692667,0.00131019348433855,0.18348122471555425,0.0006550967227667334
POL,2012,0.0007720900078614333,0.10157090324598039,0.06613040263376495,0.9912444398893665,0.0015441801127355668,0.0046325407262578,0.0007720899884588834
POL,2013,0.0019063076906603751,0.005718923523090324,0.48578617385646766,0.001906308621982975,0.0038126153376648996,1.5020898281072728,0.24877990875393147
POL,2014,0.0010628920669356,0.0031886759097687002,0.0021257843472993,0.5975246002975231,0.0021257841532738,0.7262427129899149,0.001062892008728
POL,2015,0.0012711205636149999,0.0038133612833915,0.5124017659109086,0.0012711204471997002,0.0025422403705305,1.4774292289512225,0.0012711202725767
POL,2016,8.67203509967143e-05,0.023012126862470568,0.015083349018823342,0.08777688230787005,0.00017344061883962857,0.016637905625559887,8.67203509967143e-05
POL,2017,0.008653995071654172,0.31723284984473127,0.031901453953469036,0.0006540052447234401,0.00130801044579119,0.7395956782740538,0.0006540053320349402
POL,2018,0.0016949755081440499,0.6645496523124166,0.003389950376003875,0.7399656372726895,0.3285349664220121,0.01016985255409905,0.0016949752462095498
POL,2019,0.0005736219463869,0.4120121337473392,0.0011472440673968,0.21429343521595,0.0011472437763586,0.0034417315036986995,0.3673845529556273
POL,2020,0.0010809454640062,0.00324283594576,0.0021618907533895,0.9899636472885808,0.0021618908504022,0.33364116714801606,0.0010809453669935
PRT,2000,0.9846240878105164,0.0030751872109248003,0.0020501252729444,0.0010250624036416,0.0020501250401138,0.0061503744218495,0.0010250624036416
PRT,2009,0.00031661025714128,0.00094983074814072,0.1896229648264124,0.00031661023385816,0.000633220328018,0.6078441612888125,0.00031661018729208
PRT,2010,0.0005533195799216,0.6908635073341428,0.3030500411987304,0.0005533194052986,0.0011066389852202002,0.00331991672283,0.0005533194635063
PRT,2014,0.7281487575965001,0.9955492689041413,0.005265557556412799,0.0026327783125450993,0.5381372874835503,0.2855187236564222,0.444747685571201
PRT,2015,0.9916990995407104,0.0016601767274548999,0.0011067845043725,0.0005533922812901,0.0011067843879572,0.0033203532220793,0.0005533922230824
PRT,2018,0.0009691873953366999,0.2546872736226455,0.06968109319374571,0.5941936116820822,0.0019383746548554998,0.17518269728558725,0.07001444643052909
QAT,2011,0.00033258472103625,0.40269805147545407,0.00066516952938395,0.0003325848665554,0.0006651694711763,0.09497386851580794,0.00033258475014005
QAT,2015,0.0002767472178675,0.12905641473480495,0.0005534944939427,0.1016028672456741,0.08638356911251314,0.1818501497327814,0.00027674724697135
QAT,2016,0.21709967896943758,0.09303603749625224,0.08154040759836782,0.048956783895846435,0.18725873250514263,0.020080816282036864,0.0186941906576976
QAT,2017,0.00017083649678773332,0.0005125094515581,0.00034167299357546664,0.00017083653559286666,0.00034167299357546664,0.33162497296386073,0.0001708364773852
QAT,2018,0.0004809210950043,0.0014427626447286001,0.00096184178255495,0.000480920803966,0.35773193920613267,0.0028855249402112,0.1360160559415817
QAT,2019,0.0003326392325107,0.0627173570683225,0.00066527852322905,0.00033263929071835,0.25783080980181694,0.0019958352204412,0.1761254519224167
QAT,2020,0.0002976784307975,0.0008930354670155,0.4958325157058426,0.00029767854721285,0.0005953569198027,0.0017860706429927002,0.0002976784307975
ROU,2004,0.0010248490143567,0.0030745472759007002,0.0020496981451287,0.3719007670879364,0.48495653935242433,0.135968734277412,0.0010248490143567
RUS,2009,0.0006318217492662,0.0018954653060063,0.0012636433239094,0.0006318248342722,0.0012636436149477,0.9936817916459402,0.0006318216910585
RUS,2011,0.0003514293930493,0.0010542883537709,0.10073295285110359,0.0003514294803608,0.0007028587860986,0.3964556179707869,0.00035142942215315
RUS,2015,0.35614341497421254,0.10977911879308509,0.0015251403674482,0.0007625700673088,0.0015251401346176,0.0045754207530987,0.5256892442703247
RUS,2016,0.0011796507751569,0.0035389522090552,0.0023593009682371,0.0011796507751569,0.3164419681997969,0.6741208218736571,0.0011796503094956
RUS,2018,0.24201873089186843,0.18056624735472704,0.6965382777038029,0.08822975456714628,0.0016133908240589098,0.09022691972204443,0.00080669564777047
RUS,2019,0.12281941296671332,0.022044238475029156,0.0015888880644480143,0.1103453745877015,0.0015888879300160618,1.0503425675560718,0.000794444037767638
SAU,2017,0.2464754730463028,0.33428338606609015,0.0015646563260815001,0.1561528146266937,0.0015646560932509,0.25917669670889126,0.0007823281921446
SAU,2018,0.00020006613340228,0.00060019863303748,0.1586450546979904,0.00020006617996839998,0.2389541716780513,0.00120039698667816,0.0002000661101192
SGP,2012,0.00017868560971692,0.00053605898283418,0.09135791941080243,0.00017868558643384,0.00035737119615076,0.0010721134021877401,0.10631916522979737
SGP,2014,0.0006918082246555599,0.04418429810320934,0.7429226608597671,0.27796135433018204,0.0013836162979713401,0.3321644238778386,0.00069180818973104
SGP,2016,0.0011581705184653,0.0034745124867185,0.8173194229602814,0.0011581702856346,0.0023163405712693,0.006949022528715201,0.167624369263649
SGP,2019,0.0022143827518448,0.9890854280674827,0.9865563979838041,0.0022143813548609,0.0044287629425524,0.0132862916216249,0.0022143813548608
SMR,2020,6.129882240201667e-05,0.0001838964623554,0.08128310781224475,6.12988078501e-05,0.0001225976205508333,0.08489316401634513,6.12988078501e-05
SRB,2018,7.088192635112222e-05,0.11018964732971248,0.00014176382036464443,7.088190694856666e-05,0.00014176378802705555,0.0004252913899512444,7.088190694856666e-05
SVK,2015,0.0002867845178116,0.1237765038677025,0.3730688542127609,0.0002867845469154,0.00057356891920785,0.00172070699045425,0.00028678448870775
SVN,2018,0.0008814265602268,0.342959003173746,0.0017628535861148,0.6464638710021973,0.0017628533532842,0.0052885586628688,0.0008814265602268
SWE,2003,0.0011368567356839,0.40930745506193483,0.0022737134713678,0.0011368572013452,0.0022737139370292,0.5827344950521361,0.0011368570849299
SWE,2005,0.0002157090697437402,0.09786477650050072,0.00043141811620442004,0.062162077426910406,0.0004314180230721599,0.038678892841562604,0.0002157090697437402
SWE,2009,0.9855722784996032,0.0028855435084550003,0.0019236980588174,0.0009618477197363,0.0019236955558880001,0.005771086667663901,0.000961847952567
SWE,2010,0.5495601892471313,0.0019339466816744003,0.0012892978847956998,0.000644648913294,0.001289297651965,0.444637957436498,0.000644648913294
SWE,2011,1.155756562948227,0.0033800136006901,0.0022533424780702502,0.00112667144276195,0.06436983018647871,0.19203376947552844,0.08107977462350391
SWE,2012,0.41904483191319725,0.0049020070582624,1.299770049139624,0.0016340040601788,0.0032680048898323,1.1865642129559992,0.08481684522121201
SWE,2013,1.0270600616931915,0.0035086439456788,0.033636871143244006,0.001169548020698,0.0023390962160191003,0.9311162406811485,0.0011695482535287
SWE,2016,0.7085270956158638,0.00430422063800475,0.0028694810462183504,0.00143474034848615,0.0028694800857918,0.2898089772788803,0.9901860253594348
SWE,2017,0.9805159169423859,0.0018981810668869251,0.0012654541302859635,0.060183905761611325,0.0034085402168176687,0.3354285942274144,0.0006327269084673301
SWE,2018,2.033782173151849,0.00919972837436875,0.37417146461666506,0.696094683749834,0.3095915013400369,1.0741964980261387,0.0029638030100611504
SWE,2019,1.6654927730560303,0.005534596391953299,0.0036897305981253,0.0018448651535435,0.0036897297250104997,0.0110691895824851,0.30867908080108447
SWE,2020,0.36302311907638796,2.532413718116004,0.0869965149031483,0.0017566662863827001,0.0035133328055959004,0.0105399967578695,0.0017566664319018002
TUN,2015,0.000571860276977475,0.13961114027188148,0.33804427832365025,0.00057186032063325,0.001143720379332,0.26948529394576304,0.000571860276977475
TUN,2020,0.0008119203266687,0.4803605988854541,0.5107082581962459,0.0008119202102534,0.0016238404205068,0.0048715208540668,0.0008119203266687
TUR,2002,0.00024234482164803335,0.0007270345619568667,0.0004846897403088333,0.3296981652577718,0.0004846897403088333,0.0014540693179392998,0.00024234482164803335
TUR,2009,0.0011368800187483,0.0034106404054909003,0.3609764983411877,0.6242440938949585,0.0022737601539119003,0.0068212810438122995,0.0011368801351636
TUR,2016,0.4147131145000458,0.39282356615876773,0.0009848665795288,0.1402583122253418,0.0009848664631134998,0.0029545993893404995,0.0472806766629219
TUR,2020,0.0005168392090126,0.043831866001710094,0.5439323855680414,0.0005168390343897,0.40758422767976293,0.0031010343809609996,0.000516839150805
TWN,2012,0.0007535433396697,0.1424183679628185,0.8492926574544981,0.0007535433396697,0.0015070866793393,0.0045212598051874,0.0007535433396697
TWN,2013,0.204815371253062,0.8513074651709756,0.3105201423750257,0.5379870964679867,0.0021346342400645,0.006403902894816801,0.08683138171909369
TWN,2014,0.000477243826026,0.0014317316527011,0.3695903612824621,0.0004772437678184,0.0009544873610138,0.6265917484124653,0.0004772437096107
TWN,2017,0.0004683013539760667,0.0014049041007334667,0.0009366026691470667,0.00046830150919653337,0.0009366027079521999,0.6619836718697721,0.0004683013539760667
TWN,2018,0.4121453664847647,0.6815906882984558,1.9436958672595213,0.5008809688151811,0.00573704397538625,0.7993806736485554,0.15656942606437943
USA,2000,0.00824841135181445,0.6737651100265784,0.10748950875131351,2.0922056504641655,0.17650439357384962,4.933538583223706,0.008248411526437448
USA,2001,0.787040170194814,0.22462092560211436,0.009184511785860801,0.21320426333113554,1.3501110596310655,3.0779134546561773,0.0045922557862162
USA,2002,0.650171975867124,0.22369160930975235,0.32434590393677304,0.005031633976613799,0.6480810182401905,4.1436461399425735,0.0050316319975534
USA,2003,0.007765639806166083,0.7942049284853655,0.015531280640667418,1.1209664876223537,0.42412803395806453,3.2575537880378147,0.546516465139575
USA,2004,0.309839891720912,0.22934552289370785,0.7289465046516845,0.005094764856039064,0.999074135324917,5.272604383857104,0.005094763528904485
USA,2005,1.014030080207158,0.527302589066675,0.015711061278124855,0.9941503411828305,0.015711060893954437,1.457891626123454,0.8752030577743422
USA,2006,0.2615887284628113,0.14221753095625808,0.977613746421411,1.2689082141732795,0.009504497691522599,3.269910800852811,0.5702564647945109
USA,2007,1.2925014533393546,0.9914443240268144,1.5853533328627232,0.38160093172336895,1.0000928969820955,3.680565094080518,1.0684420155594123
USA,2008,0.818674188339112,6.393237206830722,2.1682997228354592,2.5914616316294987,0.8993775595076523,1.6197990194147334,0.2591506653038469
USA,2009,6.977016565845716,7.145701384695976,5.553052070344558,2.4148205349635012,1.8935309198753743,6.911443442236857,7.025647352002852
USA,2010,0.8336463863738262,3.056799107657085,1.1862011945418383,0.7519542463657364,0.014531876998564501,4.573558194534657,0.48330894964067994
USA,2011,3.471718791856671,10.31730769163204,2.0110647452934876,0.23133057559607426,3.0590856579521115,6.508650724193314,0.6686989065378179
USA,2012,3.386595011788207,2.224561472825974,5.239433623486548,1.230556392853031,1.154972541061092,10.63715902009426,4.376722114347407
USA,2013,6.476530738421325,6.97092375488622,8.927860485551838,5.053109766053966,2.6275623420457124,11.67713918012741,3.3668737631135937
USA,2014,5.426835678964079,7.501549541711573,5.116033501666972,3.5777070188419495,0.7368043329256244,9.071964485317585,1.952438940717063
USA,2015,8.327732322626012,7.37614763951569,3.909390173119997,2.3965378028854802,1.1581963155088755,9.956411816325268,4.208917377797963
USA,2016,8.70375934898329,14.456220244232101,9.120178339123958,5.1842483894947975,4.064158538328286,16.583481012398245,5.854620944195383
USA,2017,6.2234768404228955,8.880040773647623,8.57109443302186,1.989310520237388,5.535643705431859,9.838232923302533,2.8526771177116417
USA,2018,5.165086375331158,11.797808674069326,7.824385710829915,2.823724928651548,3.7565717481716985,13.442069130724054,4.502258256507808
USA,2019,6.637969593050438,11.231889663629062,7.218914942738703,2.648179773904849,3.4441148950004585,12.013529126979735,5.481592899097623
USA,2020,1.850287884713098,5.018562975700476,1.8301585663662974,0.7548216621886228,2.2239837926948267,9.975894220257109,3.4351800569307267
VEN,2016,0.00011687872465698001,0.00035063613904637997,0.053630351996980574,0.00011687873629852,0.03878846166189758,0.10687991671729828,0.00011687870137392
VNM,2019,0.00056834949646145,0.00170504814013835,0.0011366987018845498,0.00056834990391505,0.0011366985854692501,0.4943165244185365,0.0005683493800461
VNM,2020,0.00047213924117384,0.00141641800291832,0.00094427848234768,0.3929179191589355,0.0009442783892154398,0.00283283581957208,0.00047213924117384
ZAF,2013,0.0007445892551913001,0.0022337682312352997,0.21668622712604702,0.0007445895462295999,0.0014891791506669,0.1406391369528135,0.6374624967575073
ZAF,2018,0.000107819745608125,0.06378077449335248,0.05941279470425795,0.12572824954986572,0.00021563941845667502,0.000646918371785325,0.0001078197310562
ZAF,2019,0.0001978786458494,0.1350013437186134,0.0003957572189392,0.0001978786458494,0.00039575717528345,0.3636135017732157,0.00019787860219365
